{"chunk_definitions":[{"row":10,"row_count":1,"visible":true,"expansion_state":0,"options":{"engine":"r","label":"unnamed-chunk-87","dev":"png"},"document_id":"0AE24BF6","chunk_id":"cl9ox4yqz2jqq","chunk_label":"unnamed-chunk-1"},{"row":24,"row_count":1,"visible":true,"expansion_state":0,"options":{"engine":"r","label":"unnamed-chunk-167","dev":"png"},"document_id":"0AE24BF6","chunk_id":"caiv5n9m3vrqz","chunk_label":"unnamed-chunk-2"},{"row":29,"row_count":1,"visible":true,"expansion_state":0,"options":{"engine":"r","label":"unnamed-chunk-3","dev":"png"},"document_id":"0AE24BF6","chunk_id":"cmkalahasvu7h","chunk_label":"unnamed-chunk-3"},{"row":35,"row_count":1,"visible":true,"expansion_state":0,"options":{"engine":"r","label":"unnamed-chunk-10","dev":"png"},"document_id":"0AE24BF6","chunk_id":"cqol3fm36zoce","chunk_label":"unnamed-chunk-4"},{"row":50,"row_count":1,"visible":true,"expansion_state":0,"options":{"engine":"r","label":"unnamed-chunk-170","dev":"png"},"document_id":"0AE24BF6","chunk_id":"ct8gce71yxqvl","chunk_label":"unnamed-chunk-5"},{"row":65,"row_count":1,"visible":true,"expansion_state":0,"options":{"engine":"r","label":"unnamed-chunk-169","dev":"png"},"document_id":"0AE24BF6","chunk_id":"c6fdjywlfwznb","chunk_label":"unnamed-chunk-6"},{"row":71,"row_count":1,"visible":true,"expansion_state":0,"options":{"engine":"r","label":"unnamed-chunk-171","dev":"png"},"document_id":"0AE24BF6","chunk_id":"cmv0jhaz3qc4q","chunk_label":"unnamed-chunk-7"},{"row":76,"row_count":1,"visible":true,"expansion_state":0,"options":{"engine":"r","label":"unnamed-chunk-172","dev":"png"},"document_id":"0AE24BF6","chunk_id":"chtj6ig1zd0qo","chunk_label":"unnamed-chunk-8"},{"row":82,"row_count":1,"visible":true,"expansion_state":0,"options":{"engine":"r","label":"unnamed-chunk-97","dev":"png"},"document_id":"0AE24BF6","chunk_id":"c88jiei16ox96","chunk_label":"unnamed-chunk-9"},{"row":94,"row_count":1,"visible":true,"expansion_state":0,"options":{"engine":"r","label":"unnamed-chunk-98","dev":"png"},"document_id":"0AE24BF6","chunk_id":"clatzh03ejn5q","chunk_label":"unnamed-chunk-10"},{"row":104,"row_count":1,"visible":true,"expansion_state":0,"options":{"engine":"r","label":"unnamed-chunk-100","dev":"png"},"document_id":"0AE24BF6","chunk_id":"ctxjlxeic0bie","chunk_label":"unnamed-chunk-11"},{"row":121,"row_count":1,"visible":true,"expansion_state":0,"options":{"engine":"r","label":"unnamed-chunk-102","dev":"png"},"document_id":"0AE24BF6","chunk_id":"c83qmqly09no3","chunk_label":"unnamed-chunk-12"},{"row":126,"row_count":1,"visible":true,"expansion_state":0,"options":{"engine":"r","label":"unnamed-chunk-105","dev":"png"},"document_id":"0AE24BF6","chunk_id":"cw4zpzqzd2yzu","chunk_label":"unnamed-chunk-13"},{"row":134,"row_count":1,"visible":true,"expansion_state":0,"options":{"engine":"r","label":"unnamed-chunk-178","dev":"png"},"document_id":"0AE24BF6","chunk_id":"crpbni2v2wtap","chunk_label":"unnamed-chunk-14"},{"row":139,"row_count":1,"visible":true,"expansion_state":0,"options":{"engine":"r","label":"unnamed-chunk-180","dev":"png"},"document_id":"0AE24BF6","chunk_id":"c9mclmg1ou76o","chunk_label":"unnamed-chunk-15"}],"doc_write_time":1716977429}