"0","male <- subset(data2, sex == ""male"")"
"0","female <- subset(data2, sex == ""female"")"
"0",""
"0","expect <- data.frame("
"0","  Treatmrnt = c(""het"", ""mut"",""WT""),"
"0","  female = c(20, 10, 10),"
"0","  male = c(20, 10, 10)"
"0","  )"
"0","  "
"0","expected_prob = data.frame("
"0","  Treatmrnt = c(""het"", ""mut"",""WT""),"
"0","  female = c(0.5,0.25,0.25),"
"0","  male = c(0.5,0.25,0.25)"
"0","  )"
"0",""
"0","expected_prob <- matrix(c(0.25,0.25,0.125,0.125,0.125, 0.125), nrow=2, ncol=3)"
"0","observed <- matrix(c(26, 5, 7, 30, 2, 10), nrow = 2, byrow = TRUE)"
