{"chunk_definitions":[{"row":9,"row_count":1,"visible":true,"expansion_state":0,"options":{"engine":"r","label":"unnamed-chunk-66","dev":"png"},"document_id":"CF671D4B","chunk_id":"chdz1ary4ik8p","chunk_label":"unnamed-chunk-1"},{"row":25,"row_count":1,"visible":true,"expansion_state":0,"options":{"engine":"r","label":"unnamed-chunk-67","dev":"png"},"document_id":"CF671D4B","chunk_id":"c0pewrfm856n7","chunk_label":"unnamed-chunk-2"},{"row":34,"row_count":1,"visible":true,"expansion_state":0,"options":{"engine":"r","label":"unnamed-chunk-70","dev":"png"},"document_id":"CF671D4B","chunk_id":"c9xh9w6zvs7za","chunk_label":"unnamed-chunk-3"},{"row":47,"row_count":1,"visible":true,"expansion_state":0,"options":{"engine":"r","label":"unnamed-chunk-83","dev":"png"},"document_id":"CF671D4B","chunk_id":"c14ci37ad6uhb","chunk_label":"unnamed-chunk-4"},{"row":66,"row_count":1,"visible":true,"expansion_state":0,"options":{"engine":"r","label":"unnamed-chunk-85","dev":"png"},"document_id":"CF671D4B","chunk_id":"cllhdtbz9dp2b","chunk_label":"unnamed-chunk-7"}],"doc_write_time":1716448531,"chunk_rendered_width":533}