"0","opening_times <- c(""Early"", ""Late"")"
"0","satisfied <- c(864, 980)"
"0","unsatisfied <- c(714, 473)"
"0","data <- data.frame(Opening_Times = opening_times, Satisfied = satisfied, Unsatisfied = unsatisfied)"
"0",""
"0","chisq_test_result <- chisq.test(data[,2:3])"
"0",""
"0","print(chisq_test_result)"
"1","
"
"1","	Pearson's Chi-squared test with Yates' continuity correction"
"1","
"
"1","
"
"1","data:  "
"1",""
"1","data[, 2:3]"
"1",""
"1","
"
"1","X-squared = 50.629, df = 1, p-value = 1.116e-12"
"1","
"
"1","
"
